dataset,n_test,n_features,gamma1,advisor_recommendation,rmse_advisor,rmse_flaml,rmse_ratio,flaml_best_model,t_advice_ms,t_train_advisor_ms,t_advisor_total_s,t_flaml_s,speedup,status
Concrete,206,8,0.41636979411469355,Box-Cox,10.321553805843374,4.787555470818145,2.1559131520787425,xgb_proxy (FLAML not installed),887.6068000026862,55.60729999706382,0.94321409999975,0.380816999997478,0.403743964384734,ok
AutoMPG,79,7,0.45534138282810366,Box-Cox,2.663410047850094,2.651893133266026,1.0043429029773474,xgb_proxy (FLAML not installed),567.3065000009956,5.111499995109625,0.5724179999961052,0.2814801999993506,0.4917389040897837,ok
Boston,102,13,1.104810822864635,√y,4.451317751795863,2.5334464264022474,1.7570206756324385,xgb_proxy (FLAML not installed),645.765900000697,9.847199995419942,0.6556130999961169,0.41195250000600936,0.6283469625735808,ok
MedicalInsurance_synth,400,5,4.673102521683258,√y,3.9334492070679166,4.575099498549318,0.8597516203341901,xgb_proxy (FLAML not installed),1409.3716999996104,11.83169999421807,1.4212033999938285,0.3643932999984827,0.25639771196724204,ok
Yacht,62,6,1.7477493780248623,Yeo-Johnson,1.7136101060317954,0.43420195575815557,3.94657390024805,xgb_proxy (FLAML not installed),534.8779999985709,4.346299996541347,0.5392242999951122,0.25073399999382673,0.464990171986128,ok
