model,transform,MAE,RMSE,MAPE,R2,RMSE_train,MAE_train,R2_train,lambda,cv_rmse_mean,cv_rmse_std,skew_resid,shapiro_p,bp_p,duan_c,duan_bias,best_alpha,delta_rmse_pct,delta_rmse_train_pct,DM_stat,DM_p,paired_t_stat,paired_t_p,cohens_d,min_n_80power,is_underpowered
linear,none,797.566893862011,1106.7145168096188,45.098265549924434,0.9272427973581215,1268.4097361077825,835.6352155459093,0.9043005728792018,,1280.908574448848,184.03053261481082,0.46933228933978793,2.387232257425722e-14,1.4015363220207927e-29,,,,0.0,0.0,,,,,,,
linear,log,453.7418956898344,830.014224577175,11.268780187252283,0.9590762097300244,928.6250731218108,472.58130328047963,0.9487054746782851,0.0,936.3637254479252,86.72350977154979,-0.09978758769910882,0.5469356051006663,0.004148422846032582,1.01071379944733,1.0713799447330086,,-25.001957418079375,-26.788241473818097,4.49176369036623,7.0635774001015506e-06,-4.171055191937882,0.01401922619568124,0.18337548477596657,233.41304521643983,0.0
linear,boxcox,460.5250587249784,878.6257859972601,11.140488021071372,0.9541422577021726,933.047926295831,472.83323581606936,0.9482157002273265,-0.06007969104024043,940.8330546921716,82.89833463729819,-0.05039636103607474,0.5001104585293259,0.0004905469745373465,,,,-20.60953636624208,-26.439548693550417,3.2242553574020834,0.00126300720620387,-3.5663532085068987,0.023452173151440152,0.13162967376783521,453.00194293417536,0.0
linear,yeojohnson,460.5650485538893,878.7692640748536,11.14154663520462,0.9541272794986424,933.1208374473699,472.8457687489956,0.9482076067514351,-0.06048135946243231,940.902998709638,82.95417585449104,-0.05067768386398917,0.5001762531902536,0.0004988709388149928,,,,-20.59657204026512,-26.433800460194632,3.2205686157800244,0.0012793656266019138,-3.564463108363987,0.02349190294244141,0.13147916317137648,454.03968330878695,0.0
